time,pm10 std,pm25 std,pm100 std,pm10 env,pm24 env,pm100 env,par03,par05,par10,par25,par50,par100,Time,Temperature,Gas,Humidity,Pressure,Altitude
Wed Feb 25 16:32:46 2026,0,0,0,0,0,0,96,3,0,0,0,0,34.7798046875,22321,100,796.7189741665525,1982.4556093898398
Wed Feb 25 16:32:47 2026,0,0,0,0,0,0,96,3,0,0,0,0,24.236640625,2543,53.15731948357275,1007.9260849332026,44.41982151207791
Wed Feb 25 16:32:48 2026,0,0,0,0,0,0,96,3,0,0,0,0,24.28078125,3683,53.39584165270905,1007.9127371619991,44.53142647931362
Wed Feb 25 16:32:49 2026,0,0,0,0,0,0,96,3,0,0,0,0,24.3188671875,4755,53.549732902843886,1007.8997304809781,44.640180634120455
Wed Feb 25 16:32:50 2026,0,0,0,0,0,0,96,3,0,0,0,0,24.3399609375,5817,53.68852238897022,1007.889709029183,44.72397484721243
Wed Feb 25 16:32:51 2026,0,0,0,0,0,0,96,3,0,0,0,0,24.3497265625,6959,53.84533627949497,1007.8868582767301,44.74781149269431
Wed Feb 25 16:32:52 2026,0,0,0,0,0,0,96,3,0,0,0,0,24.3440625,8179,54.00668289704828,1007.8844044489507,44.768329285255284
Wed Feb 25 16:32:53 2026,0,0,0,0,0,0,96,3,0,0,0,0,24.326484375,9478,54.11461533136578,1007.8881544346671,44.7369736254891
Wed Feb 25 16:32:54 2026,0,0,0,0,0,0,96,3,0,0,0,0,24.29484375,10778,54.201214875027176,1007.885927107053,44.75559750552961
Wed Feb 25 16:32:55 2026,0,0,0,0,0,0,96,3,0,0,0,0,24.253828125,11978,54.3060647154514,1007.8923641317892,44.70177418243881
Wed Feb 25 16:32:56 2026,0,0,0,0,0,0,96,3,0,0,0,0,24.1981640625,13218,54.376475399000014,1007.8952944258548,44.67727255672255
Wed Feb 25 16:32:57 2026,0,0,0,0,0,0,96,3,0,0,0,0,24.1333203125,14420,54.47816379805491,1007.9002940205144,44.63546862709786
Wed Feb 25 16:32:58 2026,0,0,0,0,0,0,96,3,0,0,0,0,24.0675,15695,54.61879453903523,1007.9019349847758,44.62174780047432
Wed Feb 25 16:32:59 2026,0,0,0,0,0,0,96,3,0,0,0,0,23.99484375,16926,54.72603052903885,1007.8991580606692,44.64496689945078
Wed Feb 25 16:33:00 2026,0,0,0,0,0,0,96,3,0,0,0,0,23.924921875,18081,54.89230673720786,1007.8974282946485,44.65943026957196
Wed Feb 25 16:33:01 2026,0,0,0,0,0,0,96,3,0,0,0,0,23.857734375,19244,55.03952206419473,1007.900196851123,44.6362811038438
Wed Feb 25 16:33:02 2026,0,0,0,0,0,0,96,3,0,0,0,0,23.78625,20527,55.20581458012641,1007.8941173030852,44.687115050535176
Wed Feb 25 16:33:03 2026,0,0,0,0,0,0,96,3,0,0,0,0,23.7212109375,21652,55.38617243142644,1007.9159129249894,44.5048728047591
Wed Feb 25 16:33:04 2026,0,0,0,0,0,0,96,3,0,0,0,0,23.6676953125,22660,55.64670313428563,1007.9222585922906,44.45181464504839
Wed Feb 25 16:33:05 2026,0,0,0,0,0,0,111,3,0,0,0,0,23.6102734375,23953,56.044544669698936,1007.9238554228225,44.43846307537125
Wed Feb 25 16:33:06 2026,0,0,0,0,0,0,111,3,0,0,0,0,23.5536328125,25130,56.35138971622273,1007.9387948624532,44.31355085689627
Wed Feb 25 16:33:07 2026,0,0,0,0,0,0,111,3,0,0,0,0,23.49484375,26198,56.60582424983726,1007.9432703653689,44.2761304012273
Wed Feb 25 16:33:08 2026,0,0,0,0,0,0,111,3,0,0,0,0,23.4368359375,27397,56.8146341396052,1007.9404048480465,44.3000894727807
Wed Feb 25 16:33:09 2026,0,0,0,0,0,0,111,3,0,0,0,0,23.3837109375,28515,57.004580757046504,1007.9387077549577,44.314279179101156
Wed Feb 25 16:33:10 2026,0,0,0,0,0,0,111,3,0,0,0,0,23.328046875,29644,57.18774915354322,1007.9362448433478,44.33487206883023
Wed Feb 25 16:33:11 2026,0,0,0,0,0,0,15,0,0,0,0,0,23.2762890625,30731,57.30569324545543,1007.9402299806804,44.30155156997975
Wed Feb 25 16:33:12 2026,0,0,0,0,0,0,15,0,0,0,0,0,23.225703125,31852,57.430457483180874,1007.9392498502057,44.30974661929064
Wed Feb 25 16:33:13 2026,0,0,0,0,0,0,15,0,0,0,0,0,23.1809765625,33005,57.53631763865324,1007.9376156162056,44.32341076157967
Wed Feb 25 16:33:14 2026,0,0,0,0,0,0,15,0,0,0,0,0,23.142109375,34023,57.636449779206544,1007.9404986463564,44.29930520848537
Wed Feb 25 16:33:15 2026,0,0,0,0,0,0,15,0,0,0,0,0,23.099921875,35136,57.74936794922829,1007.9430486761356,44.27798398016735
Wed Feb 25 16:33:16 2026,0,0,0,0,0,0,15,0,0,0,0,0,23.05734375,35888,57.88211412735059,1007.9363322955492,44.334140863029276
Wed Feb 25 16:33:17 2026,0,0,0,0,0,0,15,0,0,0,0,0,23.01515625,37259,57.99515547126101,1007.9319772991408,44.37055394408618
Wed Feb 25 16:33:18 2026,0,0,0,0,0,0,15,0,0,0,0,0,22.9692578125,37627,58.14081220686465,1007.9283629940977,44.4007740387623
Wed Feb 25 16:33:19 2026,0,0,0,0,0,0,15,0,0,0,0,0,22.9190625,38956,58.27933379653606,1007.926239400471,44.418529969045906
Wed Feb 25 16:33:20 2026,0,0,0,0,0,0,15,0,0,0,0,0,22.86671875,39433,58.39775881430561,1007.9274369194143,44.408517191405814
Wed Feb 25 16:33:21 2026,0,0,0,0,0,0,15,0,0,0,0,0,22.820234375,41216,58.53696389385315,1007.9314323589715,44.37511031744392
Wed Feb 25 16:33:22 2026,0,0,0,0,0,0,15,0,0,0,0,0,22.774140625,41584,58.66304354475135,1007.9240128024695,44.43714717878711
Wed Feb 25 16:33:23 2026,0,0,0,0,0,0,15,0,0,0,0,0,22.728828125,42992,58.795941954616815,1007.9213209027231,44.459654951256475
Wed Feb 25 16:33:24 2026,0,0,0,0,0,0,15,0,0,0,0,0,22.685859375,44030,58.909328676917575,1007.9173355397976,44.492977842510705
Wed Feb 25 16:33:25 2026,0,0,0,0,0,0,15,0,0,0,0,0,22.64484375,44123,59.04298520969762,1007.9165754925635,44.49933285210194
Wed Feb 25 16:33:26 2026,0,0,0,0,0,0,15,0,0,0,0,0,22.6051953125,45267,59.1503211303179,1007.9197924319772,44.472434970325956
Wed Feb 25 16:33:27 2026,0,0,0,0,0,0,15,0,0,0,0,0,22.56359375,46678,59.24412501485045,1007.9163265232258,44.5014145689989
Wed Feb 25 16:33:28 2026,0,0,0,0,0,0,15,0,0,0,0,0,22.524140625,47098,59.31165875927614,1007.9164101607381,44.50071524740248
Wed Feb 25 16:33:29 2026,0,0,0,0,0,0,15,0,0,0,0,0,22.492890625,47768,59.46026725341166,1007.9145802238713,44.51601598064111
Wed Feb 25 16:33:30 2026,0,0,0,0,0,0,15,0,0,0,0,0,22.464765625,49141,59.59610094845602,1007.9144784277821,44.51686713351394
Wed Feb 25 16:33:31 2026,0,0,0,0,0,0,15,0,0,0,0,0,22.44171875,49460,59.77275509395376,1007.9072943563041,44.57693585513357
Wed Feb 25 16:33:32 2026,0,0,0,0,0,0,15,0,0,0,0,0,22.417890625,50718,59.90940530386999,1007.9056975926333,44.59028704338525
Wed Feb 25 16:33:33 2026,0,0,0,0,0,0,15,0,0,0,0,0,22.3852734375,51309,60.01816934856071,1007.9119134337475,44.53831397284533
Wed Feb 25 16:33:34 2026,0,0,0,0,0,0,15,0,0,0,0,0,22.3508984375,52107,60.100016684635705,1007.9014492490206,44.625809249677225
Wed Feb 25 16:33:35 2026,0,0,0,0,0,0,0,0,0,0,0,0,22.3169140625,53098,60.15522699280118,1007.9002297663709,44.636005884727915
Wed Feb 25 16:33:36 2026,0,0,0,0,0,0,0,0,0,0,0,0,22.2876171875,53849,60.19776348266135,1007.8998863209512,44.638877585938616
Wed Feb 25 16:33:37 2026,0,0,0,0,0,0,0,0,0,0,0,0,22.2657421875,54586,60.28147870222003,1007.9083893162705,44.567780460943595
Wed Feb 25 16:33:38 2026,0,0,0,0,0,0,0,0,0,0,0,0,22.2438671875,55380,60.378599157647244,1007.918609823718,44.48232313639563
Wed Feb 25 16:33:39 2026,0,0,0,0,0,0,0,0,0,0,0,0,22.229609375,56160,60.49693703751264,1007.9276812067616,44.406474640445076
Wed Feb 25 16:33:40 2026,0,0,0,0,0,0,0,0,0,0,0,0,22.2130078125,56807,60.62169628280152,1007.9311495377059,44.377475053577626
Wed Feb 25 16:33:41 2026,0,0,0,0,0,0,0,0,0,0,0,0,22.1911328125,58473,60.75246214774547,1007.925882652825,44.42151283382885
Wed Feb 25 16:33:42 2026,0,0,0,0,0,0,0,0,0,0,0,0,22.1692578125,58637,60.90341842368275,1007.9240540235492,44.436802517487266
Wed Feb 25 16:33:43 2026,0,0,0,0,0,0,0,0,0,0,0,0,22.1501171875,59428,61.081717078015366,1007.9301921700421,44.38547983719575
Wed Feb 25 16:33:44 2026,0,0,0,0,0,0,0,0,0,0,0,0,22.1258984375,60196,61.21913592212612,1007.9279173399267,44.404500269130374
Wed Feb 25 16:33:45 2026,0,0,0,0,0,0,0,0,0,0,0,0,22.1001171875,60941,61.36985101808407,1007.9299313420412,44.38766068454355
Wed Feb 25 16:33:46 2026,0,0,0,0,0,0,0,0,0,0,0,0,22.07921875,61614,61.487769457634585,1007.9262719947404,44.41825743947158
Wed Feb 25 16:33:47 2026,0,0,0,0,0,0,0,0,0,0,0,0,22.0630078125,62440,61.586260177724554,1007.926936017599,44.41270536489716
Wed Feb 25 16:33:49 2026,0,0,0,0,0,0,0,0,0,0,0,0,22.0473828125,63290,61.66469546792478,1007.9320088104724,44.37029047046739
Wed Feb 25 16:33:50 2026,0,0,0,0,0,0,0,0,0,0,0,0,22.0341015625,63918,61.743502780262965,1007.9323644227935,44.36731711308037
Wed Feb 25 16:33:51 2026,0,0,0,0,0,0,0,0,0,0,0,0,22.0149609375,64708,61.81474478070406,1007.9264522733336,44.4167500811429
Wed Feb 25 16:33:52 2026,0,0,0,0,0,0,0,0,0,0,0,0,21.9940625,65775,61.87228076338745,1007.9313833573513,44.37552003165102
Wed Feb 25 16:33:53 2026,0,0,0,0,0,0,0,0,0,0,0,0,21.9716015625,66401,61.88245035554884,1007.9285652324661,44.399083071633676
Wed Feb 25 16:33:54 2026,0,0,0,0,0,0,0,0,0,0,0,0,21.9540234375,67039,61.90680903966409,1007.9269563811044,44.412535100170494
Wed Feb 25 16:33:55 2026,0,0,0,0,0,0,0,0,0,0,0,0,21.9407421875,67689,61.89812198803361,1007.9324647609142,44.36647816284918
Wed Feb 25 16:33:56 2026,0,0,0,0,0,0,0,0,0,0,0,0,21.9298046875,68352,61.89651515571235,1007.9246612136917,44.43172562744935
Wed Feb 25 16:33:57 2026,0,0,0,0,0,0,0,0,0,0,0,0,21.9184765625,69142,61.96895083520465,1007.9299650746003,44.38737863825668
Wed Feb 25 16:33:58 2026,0,0,0,0,0,0,0,0,0,0,0,0,21.90265625,69775,62.020531358838156,1007.93126440685,44.37651460516737
Wed Feb 25 16:33:59 2026,0,0,0,0,0,0,0,0,0,0,0,0,21.8876171875,70838,62.031797940089945,1007.9252605625142,44.42671430335315
Wed Feb 25 16:34:00 2026,0,0,0,0,0,0,0,0,0,0,0,0,21.8735546875,71260,62.04320869664376,1007.9208739437977,44.46339211216065
Wed Feb 25 16:34:01 2026,0,0,0,0,0,0,0,0,0,0,0,0,21.8596875,71995,62.05464872063141,1007.9202486236734,44.46862060809437
Wed Feb 25 16:34:02 2026,0,0,0,0,0,0,0,0,0,0,0,0,21.8446484375,73062,62.07265728366992,1007.91596171359,44.50446486658701
Wed Feb 25 16:34:03 2026,0,0,0,0,0,0,0,0,0,0,0,0,21.8294140625,73383,62.11760406384819,1007.9130695079677,44.52864761426611
Wed Feb 25 16:34:04 2026,0,0,0,0,0,0,0,0,0,0,0,0,21.817109375,74162,62.14950481509033,1007.9115923826556,44.5409983998166
Wed Feb 25 16:34:05 2026,0,0,0,0,0,0,0,0,0,0,0,0,21.805,74558,62.19492672873454,1007.922471617701,44.45003347595453
Wed Feb 25 16:34:06 2026,0,0,0,0,0,0,33,7,0,0,0,0,21.795234375,75568,62.24744889464142,1007.9234810788782,44.44159307364224
Wed Feb 25 16:34:07 2026,0,0,0,0,0,0,33,7,0,0,0,0,21.782734375,76186,62.29958054432275,1007.9199593432455,44.471039372561854
Wed Feb 25 16:34:08 2026,0,0,0,0,0,0,33,7,0,0,0,0,21.7700390625,76886,62.33819762009077,1007.9247082202396,44.43133259239137
Wed Feb 25 16:34:09 2026,0,0,0,0,0,0,33,7,0,0,0,0,21.7579296875,77383,62.370157792920956,1007.9287081766884,44.39788787831335
Wed Feb 25 16:34:10 2026,0,0,0,0,0,0,33,7,0,0,0,0,21.7430859375,77959,62.38821805287834,1007.9264574587143,44.41670672476829
Wed Feb 25 16:34:11 2026,0,0,0,0,0,0,33,7,0,0,0,0,21.7294140625,78544,62.41320332801675,1007.9175534749911,44.49115561405518
Wed Feb 25 16:34:12 2026,0,0,0,0,0,0,33,7,0,0,0,0,21.716328125,79288,62.41802363089447,1007.9216516974295,44.45688907594539
Wed Feb 25 16:34:13 2026,0,0,0,0,0,0,33,7,0,0,0,0,21.7005078125,80353,62.43594326597949,1007.9212178182062,44.46051687245869
Wed Feb 25 16:34:14 2026,0,0,0,0,0,0,33,7,0,0,0,0,21.685859375,80818,62.44053358640549,1007.9158498627853,44.5054000894278
Wed Feb 25 16:34:15 2026,0,0,0,0,0,0,33,7,0,0,0,0,21.6708203125,81368,62.44506650258885,1007.9201460539982,44.469478225282
Wed Feb 25 16:34:16 2026,0,0,0,0,0,0,33,7,0,0,0,0,21.655390625,82085,62.469797895568014,1007.9083257857108,44.56831166490886
Wed Feb 25 16:34:17 2026,0,0,0,0,0,0,33,7,0,0,0,0,21.64015625,82898,62.481055043425286,1007.9071403867525,44.57822325621497
Wed Feb 25 16:34:18 2026,0,0,0,0,0,0,33,7,0,0,0,0,21.6251171875,83476,62.492341552414715,1007.9097148412134,44.556697232389915
Wed Feb 25 16:34:19 2026,0,0,0,0,0,0,33,7,0,0,0,0,21.6087109375,83643,62.550703897884496,1007.9083038366231,44.56849518985919
Wed Feb 25 16:34:20 2026,0,0,0,0,0,0,33,7,0,0,0,0,21.592109375,84487,62.6090524096569,1007.9117234813243,44.539902235256626
Wed Feb 25 16:34:21 2026,0,0,0,0,0,0,33,7,0,0,0,0,21.5758984375,85001,62.65395754576858,1007.912352232195,44.5346450177899
Wed Feb 25 16:34:22 2026,0,0,0,0,0,0,33,7,0,0,0,0,21.559296875,85522,62.705572915667084,1007.9192059827834,44.4773384585138
Wed Feb 25 16:34:23 2026,0,0,0,0,0,0,33,7,0,0,0,0,21.5438671875,86226,62.77765722334017,1007.9245637259394,44.43254075020022
Wed Feb 25 16:34:24 2026,0,0,0,0,0,0,33,7,0,0,0,0,21.52921875,86583,62.84988055624386,1007.9294967198035,44.39129466945095
Wed Feb 25 16:34:25 2026,0,0,0,0,0,0,33,7,0,0,0,0,21.520234375,87033,62.9229665341153,1007.9352251666928,44.34339779837734
Wed Feb 25 16:34:26 2026,0,0,0,0,0,0,33,7,0,0,0,0,21.5065625,88411,62.99538233134587,1007.9314652836541,44.37483502634444
Wed Feb 25 16:34:27 2026,0,0,0,0,0,0,33,7,0,0,0,0,21.496796875,88411,63.095486994393085,1007.9341794182848,44.35214152655453
Wed Feb 25 16:34:28 2026,0,0,0,0,0,0,33,7,0,0,0,0,21.4891796875,89354,63.16208510825828,1007.9352995256428,44.342776067423145
Wed Feb 25 16:34:29 2026,0,0,0,0,0,0,33,7,0,0,0,0,21.482734375,89930,63.262761445566966,1007.9297707899542,44.38900310043321
Wed Feb 25 16:34:30 2026,0,0,0,0,0,0,33,7,0,0,0,0,21.474140625,90027,63.34282549741002,1007.9258353829766,44.421908070041404
Wed Feb 25 16:34:31 2026,0,0,0,0,0,0,33,7,0,0,0,0,21.465546875,90611,63.40935501887198,1007.9339268399978,44.354253389232035
Wed Feb 25 16:34:32 2026,0,0,0,0,0,0,33,7,0,0,0,0,21.4532421875,91502,63.488920460447105,1007.9358664732612,44.33803569936134
Wed Feb 25 16:34:33 2026,0,0,0,0,0,0,33,7,0,0,0,0,21.43859375,91904,63.48673740781174,1007.9322021972714,44.368673518321664
Wed Feb 25 16:34:34 2026,0,0,0,0,0,0,33,7,0,0,0,0,21.4247265625,92615,63.5118094846083,1007.9298321728638,44.38848986265479
Wed Feb 25 16:34:35 2026,0,0,0,0,0,0,33,7,0,0,0,0,21.4118359375,93338,63.537029714155565,1007.9376702864276,44.322953653134675
Wed Feb 25 16:34:36 2026,0,0,0,0,0,0,0,0,0,0,0,0,21.39953125,93651,63.5284100740008,1007.9344528043622,44.34985568583829
Wed Feb 25 16:34:37 2026,0,0,0,0,0,0,0,0,0,0,0,0,21.3880078125,94390,63.560621952075735,1007.9342478200717,44.35156960422194
Wed Feb 25 16:34:38 2026,0,0,0,0,0,0,0,0,0,0,0,0,21.3798046875,94710,63.56618552413681,1007.92752100226,44.4078141525059
Wed Feb 25 16:34:39 2026,0,0,0,0,0,0,0,0,0,0,0,0,21.3721875,95684,63.565050041188734,1007.9217653878619,44.45593847577776
Wed Feb 25 16:34:40 2026,0,0,0,0,0,0,0,0,0,0,0,0,21.3665234375,93996,63.598140382563805,1007.9278369013421,44.405172837186676
Wed Feb 25 16:34:41 2026,0,0,0,0,0,0,0,0,0,0,0,0,21.3614453125,94847,63.62453466355483,1007.9280080014042,44.40374222484217
Wed Feb 25 16:34:42 2026,0,0,0,0,0,0,0,0,0,0,0,0,21.3579296875,95714,63.65795446542454,1007.9307692650083,44.38065460524984
Wed Feb 25 16:34:43 2026,0,0,0,0,0,0,0,0,0,0,0,0,21.3563671875,94955,63.691670971936475,1007.9316147179,44.37358557118414
Wed Feb 25 16:34:44 2026,0,0,0,0,0,0,0,0,0,0,0,0,21.352265625,96154,63.77256009136634,1007.9351223531127,44.344257444585935
Wed Feb 25 16:34:45 2026,0,0,0,0,0,0,0,0,0,0,0,0,21.346796875,96099,63.86007161860164,1007.9329276474334,44.36260786250874
Wed Feb 25 16:34:46 2026,0,0,0,0,0,0,0,0,0,0,0,0,21.341328125,96933,63.95441813043271,1007.9393219831878,44.30914350207543
Wed Feb 25 16:34:47 2026,0,0,0,0,0,0,0,0,0,0,0,0,21.3395703125,97158,64.03575893306858,1007.9346900150238,44.3478723160821
Wed Feb 25 16:34:48 2026,0,0,0,0,0,0,0,0,0,0,0,0,21.3352734375,97158,64.10994641943783,1007.9327200038057,44.364344018320764
Wed Feb 25 16:34:49 2026,0,0,0,0,0,0,0,0,0,0,0,0,21.326484375,98240,64.18348568048414,1007.9336093813461,44.35690773153942
Wed Feb 25 16:34:50 2026,0,0,0,0,0,0,0,0,0,0,0,0,21.3153515625,99643,64.22946462123758,1007.9340482949809,44.353237877319025
Wed Feb 25 16:34:51 2026,0,0,0,0,0,0,0,0,0,0,0,0,21.300703125,99466,64.2476896700011,1007.9338112932859,44.35521950087999
Wed Feb 25 16:34:52 2026,0,0,0,0,0,0,0,0,0,0,0,0,21.2833203125,100299,64.25869677902134,1007.9307576462752,44.38075175228835
Wed Feb 25 16:34:53 2026,0,0,0,0,0,0,0,0,0,0,0,0,21.26828125,100420,64.2496307520228,1007.9212828383451,44.45997321916549
Wed Feb 25 16:34:54 2026,0,0,0,0,0,0,0,0,0,0,0,0,21.2555859375,101147,64.22730218994043,1007.919128484862,44.477986443453965
Wed Feb 25 16:34:55 2026,0,0,0,0,0,0,0,0,0,0,0,0,21.242890625,101948,64.23901237190702,1007.9204086313973,44.467282733524975
Wed Feb 25 16:34:56 2026,0,0,0,0,0,0,0,0,0,0,0,0,21.2282421875,102010,64.24362221994909,1007.9201672431444,44.46930105618876
Wed Feb 25 16:34:57 2026,0,0,0,0,0,0,0,0,0,0,0,0,21.217109375,102134,64.26237581326433,1007.9171664603012,44.49439157249738
Wed Feb 25 16:34:58 2026,0,0,0,0,0,0,0,0,0,0,0,0,21.20734375,103014,64.28814494026066,1007.9129971403495,44.52925270607903
Wed Feb 25 16:34:59 2026,0,0,0,0,0,0,0,0,0,0,0,0,21.199921875,103523,64.33469925942251,1007.9195833873885,44.47418285834178
Wed Feb 25 16:35:00 2026,0,0,0,0,0,0,0,0,0,0,0,0,21.195234375,103779,64.38848628979999,1007.9169635496044,44.49608817667577
Wed Feb 25 16:35:01 2026,0,0,0,0,0,0,0,0,0,0,0,0,21.192890625,103908,64.45626754115081,1007.9216646275291,44.45678096346174
Wed Feb 25 16:35:02 2026,0,0,0,0,0,0,0,0,0,0,0,0,21.1895703125,104819,64.52392363200214,1007.9161592921232,44.50281284508326
Wed Feb 25 16:35:03 2026,0,0,0,0,0,0,0,0,0,0,0,0,21.18703125,105280,64.59171891422163,1007.9222538461944,44.451854328576474
Wed Feb 25 16:35:04 2026,0,0,0,0,0,0,0,0,0,0,0,0,21.1841015625,105745,64.6526561339208,1007.9191135723796,44.478111131496505
Wed Feb 25 16:35:05 2026,0,0,0,0,0,0,0,0,0,0,0,0,21.1825390625,106080,64.72063988670739,1007.9199576189483,44.47105378995158
Wed Feb 25 16:35:06 2026,0,0,0,0,0,0,0,0,0,0,0,0,21.18,105946,64.76802352555742,1007.9226172130018,44.44881611032377
Wed Feb 25 16:35:07 2026,0,0,0,0,0,0,0,0,0,0,0,0,21.17765625,107441,64.80179542016819,1007.9238832140508,44.43823070489119
Wed Feb 25 16:35:09 2026,0,0,0,0,0,0,0,0,0,0,0,0,21.17765625,107234,64.8222733872134,1007.9273180024833,44.40951148738717
Wed Feb 25 16:35:10 2026,0,0,0,0,0,0,0,0,0,0,0,0,21.1784375,108065,64.84287132444115,1007.9234612174237,44.441759141050085
Wed Feb 25 16:35:11 2026,0,0,0,0,0,0,0,0,0,0,0,0,21.1784375,108204,64.91115250441715,1007.9320481995022,44.36996112958079
Wed Feb 25 16:35:12 2026,0,0,0,0,0,0,0,0,0,0,0,0,21.1774609375,108344,64.9861398837279,1007.9235593642293,44.4409385070411
Wed Feb 25 16:35:13 2026,0,0,0,0,0,0,0,0,0,0,0,0,21.1751171875,109406,65.08145039156781,1007.9231079431089,44.44471297094548
Wed Feb 25 16:35:14 2026,0,0,0,0,0,0,0,0,0,0,0,0,21.1739453125,109908,65.17014371048673,1007.9177300723823,44.489679024908796
Wed Feb 25 16:35:15 2026,0,0,0,0,0,0,0,0,0,0,0,0,21.1700390625,109980,65.25161919972605,1007.9232747073461,44.44331860626833
Wed Feb 25 16:35:16 2026,0,0,0,0,0,0,0,0,0,0,0,0,21.16828125,109980,65.30608190004904,1007.9255121441385,44.42461075934316
Wed Feb 25 16:35:17 2026,0,0,0,0,0,0,0,0,0,0,0,0,21.1669140625,110780,65.40168485590793,1007.9198104370143,44.4722844245222
Wed Feb 25 16:35:18 2026,0,0,0,0,0,0,0,0,0,0,0,0,21.1669140625,110780,65.51123606841563,1007.9215278025273,44.45792499887901
Wed Feb 25 16:35:19 2026,0,0,0,0,0,0,0,0,0,0,0,0,21.1684765625,111965,65.61423016813508,1007.929270738112,44.39318415922769
Wed Feb 25 16:35:20 2026,0,0,0,0,0,0,0,0,0,0,0,0,21.1723828125,112115,65.69706690657137,1007.9271609390028,44.41082473692301
Wed Feb 25 16:35:21 2026,0,0,0,0,0,0,0,0,0,0,0,0,21.1758984375,112265,65.74559236479608,1007.9312729043099,44.376443555878055
Wed Feb 25 16:35:22 2026,0,0,0,0,0,0,0,0,0,0,0,0,21.178046875,112567,65.78706279659444,1007.9210961236299,44.46153439815042
Wed Feb 25 16:35:23 2026,0,0,0,0,0,0,0,0,0,0,0,0,21.1805859375,112795,65.81488333478049,1007.9253061607395,44.426333043863345
Wed Feb 25 16:35:24 2026,0,0,0,0,0,0,0,0,0,0,0,0,21.182734375,114023,65.85636775005881,1007.9305859115415,44.38218766811991
Wed Feb 25 16:35:25 2026,0,0,0,0,0,0,0,0,0,0,0,0,21.1825390625,113868,65.88378000692809,1007.9319794689734,44.370535801606955
Wed Feb 25 16:35:26 2026,0,0,0,0,0,0,0,0,0,0,0,0,21.1821484375,114805,65.89058140543935,1007.9330491744171,44.36159174776634
Wed Feb 25 16:35:27 2026,0,0,0,0,0,0,0,0,0,0,0,0,21.181953125,115757,65.90427437960429,1007.9327253233947,44.364299540018884
Wed Feb 25 16:35:28 2026,0,0,0,0,0,0,0,0,0,0,0,0,21.1809765625,115438,65.85609929007613,1007.9276712622584,44.40655778905157
Wed Feb 25 16:35:29 2026,0,0,0,0,0,0,0,0,0,0,0,0,21.181171875,115997,65.84240944640888,1007.9297125157756,44.389490345361814
Wed Feb 25 16:35:30 2026,0,0,0,0,0,0,0,0,0,0,0,0,21.1821484375,116481,65.77397348104157,1007.927896955233,44.40467071088274
Wed Feb 25 16:35:31 2026,0,0,0,0,0,0,0,0,0,0,0,0,21.1841015625,117544,65.70570850088706,1007.9259832166338,44.42067199219007
Wed Feb 25 16:35:32 2026,0,0,0,0,0,0,0,0,0,0,0,0,21.1860546875,116969,65.71286161827395,1007.9275042825542,44.407953950380374
Wed Feb 25 16:35:33 2026,0,0,0,0,0,0,0,0,0,0,0,0,21.1878125,116725,65.71998522537046,1007.9269840719395,44.41230356968278
Wed Feb 25 16:35:34 2026,0,0,0,0,0,0,0,0,0,0,0,0,21.191328125,117792,65.77537423051827,1007.9259436010718,44.42100322878083
Wed Feb 25 16:35:35 2026,0,0,0,0,0,0,0,0,0,0,0,0,21.1923046875,118041,65.80981360055641,1007.9258453955237,44.42182435237767
Wed Feb 25 16:35:36 2026,0,0,0,0,0,0,0,0,0,0,0,0,21.1938671875,118626,65.83748849968701,1007.9250012823906,44.42888221710542
Wed Feb 25 16:35:37 2026,0,0,0,0,0,0,0,0,0,0,0,0,21.1942578125,118963,65.87870942232345,1007.9204966569888,44.466546724130694
Wed Feb 25 16:35:38 2026,0,0,0,0,0,0,0,0,0,0,0,0,21.192890625,119132,65.91966975338356,1007.919947193341,44.47114096174018
Wed Feb 25 16:35:39 2026,0,0,0,0,0,0,0,0,0,0,0,0,21.1907421875,119814,65.93992891570119,1007.9181023507256,44.4865662833438
Wed Feb 25 16:35:40 2026,0,0,0,0,0,0,0,0,0,0,0,0,21.1891796875,119387,65.93969004489664,1007.9137941821584,44.522588353392855
Wed Feb 25 16:35:41 2026,0,0,0,0,0,0,0,0,0,0,0,0,21.188203125,119986,66.00131516003162,1007.9173272346804,44.49304728435999
Wed Feb 25 16:35:42 2026,0,0,0,0,0,0,0,0,0,0,0,0,21.18859375,121201,66.07003439187712,1007.9162574999078,44.50199169639601
Wed Feb 25 16:35:43 2026,0,0,0,0,0,0,0,0,0,0,0,0,21.1878125,121996,66.11798963106969,1007.9235492298544,44.44102324349467
Wed Feb 25 16:35:44 2026,0,0,0,0,0,0,0,0,0,0,0,0,21.186640625,122085,66.15215592965643,1007.9284758262605,44.399830619930256
Wed Feb 25 16:35:45 2026,0,0,0,0,0,0,0,0,0,0,0,0,21.1852734375,121730,66.14507684276785,1007.9313611350001,44.375705838022604
Wed Feb 25 16:35:46 2026,0,0,0,0,0,0,0,0,0,0,0,0,21.1846875,122352,66.11751096276163,1007.9338244134884,44.35510979995868
Wed Feb 25 16:35:47 2026,0,0,0,0,0,0,0,0,0,0,0,0,21.182734375,122981,66.082871808234,1007.9323033195456,44.36782801149532
Wed Feb 25 16:35:48 2026,0,0,0,0,0,0,0,0,0,0,0,0,21.1809765625,122981,66.02080492347943,1007.934540875604,44.34911930305064
Wed Feb 25 16:35:49 2026,0,0,0,0,0,0,0,0,0,0,0,0,21.181171875,123799,65.96591862959409,1007.9331473235214,44.360771100857804
Wed Feb 25 16:35:50 2026,0,0,0,0,0,0,0,0,0,0,0,0,21.1801953125,124166,65.89714428024892,1007.9418324764513,44.28815282504722
Wed Feb 25 16:35:51 2026,0,0,0,0,0,0,0,0,0,0,0,0,21.1801953125,124628,65.84912003985121,1007.9401150745649,44.30251232059708
Wed Feb 25 16:35:52 2026,0,0,0,0,0,0,0,0,0,0,0,0,21.174921875,125280,65.82773647353382,1007.9416753540064,44.28946655228521
Wed Feb 25 16:35:53 2026,0,0,0,0,0,0,0,0,0,0,0,0,21.1673046875,125562,65.79228140279191,1007.9393491804835,44.30891610046157
Wed Feb 25 16:35:54 2026,0,0,0,0,0,0,0,0,0,0,0,0,21.1555859375,125562,65.74935079900001,1007.9456777674773,44.25600175054677
Wed Feb 25 16:35:55 2026,0,0,0,0,0,0,0,0,0,0,0,0,21.1450390625,127183,65.7134637741469,1007.9470795060082,44.24428162204417
Wed Feb 25 16:35:56 2026,0,0,0,0,0,0,0,0,0,0,0,0,21.1383984375,126415,65.67817888561589,1007.9446544283651,44.26455803783852
Wed Feb 25 16:35:57 2026,0,0,0,0,0,0,0,0,0,0,0,0,21.13234375,126894,65.67040262572273,1007.9483526492896,44.23363670752881
Wed Feb 25 16:35:58 2026,0,0,0,0,0,0,0,0,0,0,0,0,21.1274609375,127473,65.69707512067035,1007.9454075899698,44.25826074333609
Wed Feb 25 16:35:59 2026,0,0,0,0,0,0,0,0,0,0,0,0,21.120625,128156,65.70974286090139,1007.9495271782571,44.22381632961994
Wed Feb 25 16:36:00 2026,0,0,0,0,0,0,0,0,0,0,0,0,21.1130078125,128846,65.68801873780062,1007.9437648182095,44.271996203570836
Wed Feb 25 16:36:01 2026,0,0,0,0,0,0,0,0,0,0,0,0,21.103046875,128648,65.7002098480977,1007.9392673598301,44.30960021807548
Wed Feb 25 16:36:02 2026,0,0,0,0,0,0,0,0,0,0,0,0,21.0919140625,128846,65.69165967995914,1007.9482808088006,44.2342373747967
Wed Feb 25 16:36:03 2026,0,0,0,0,0,0,0,0,0,0,0,0,21.084296875,129444,65.69049950437807,1007.9596892361152,44.13885052895428
Wed Feb 25 16:36:04 2026,0,0,0,0,0,0,0,0,0,0,0,0,21.0766796875,129644,65.69619347092399,1007.9522087176038,44.201395691461045
Wed Feb 25 16:36:05 2026,0,0,0,0,0,0,0,0,0,0,0,0,21.068671875,129744,65.74981355925424,1007.9440803255778,44.269358197902356
Wed Feb 25 16:36:06 2026,0,0,0,0,0,0,0,0,0,0,0,0,21.060078125,130452,65.76907233498329,1007.9487168361454,44.230591696448165
Wed Feb 25 16:36:07 2026,0,0,0,0,0,0,0,0,0,0,0,0,21.05578125,130249,65.8301338439284,1007.9518934594182,44.20403159646456
Wed Feb 25 16:36:08 2026,0,0,0,0,0,0,0,0,0,0,0,0,21.0446484375,130859,65.89702981841644,1007.9437332578018,44.272260085034326
Wed Feb 25 16:36:09 2026,0,0,0,0,0,0,0,0,0,0,0,0,21.0305859375,130962,65.96349838658014,1007.935865206242,44.33804629317014
Wed Feb 25 16:36:10 2026,0,0,0,0,0,0,0,0,0,0,0,0,21.017890625,131682,65.9821482713465,1007.9354149112182,44.34181130422981
Wed Feb 25 16:36:11 2026,0,0,0,0,0,0,0,0,0,0,0,0,21.006171875,132098,66.00094868995681,1007.9314326786905,44.37510764419784
Wed Feb 25 16:36:12 2026,0,0,0,0,0,0,0,0,0,0,0,0,20.9966015625,131373,66.01321462651997,1007.9378807521925,44.32119390778782
Wed Feb 25 16:36:13 2026,0,0,0,0,0,0,0,0,0,0,0,0,20.9880078125,132306,66.03935933356448,1007.9407971819247,44.29680910008164
Wed Feb 25 16:36:14 2026,0,0,0,0,0,0,0,0,0,0,0,0,20.980390625,133042,66.03819579564917,1007.9350316114114,44.345016155310525
Wed Feb 25 16:36:15 2026,0,0,0,0,0,0,0,0,0,0,0,0,20.970625,132516,66.09849401553734,1007.9463048924213,44.25075827106984
Wed Feb 25 16:36:16 2026,0,0,0,0,0,0,0,0,0,0,0,0,20.9630078125,133042,66.15913697864488,1007.9474061337709,44.241550644326615
Wed Feb 25 16:36:17 2026,0,0,0,0,0,0,0,0,0,0,0,0,20.956953125,133786,66.22003561624282,1007.9442313612857,44.268095365334645
Wed Feb 25 16:36:18 2026,0,0,0,0,0,0,0,0,0,0,0,0,20.9469921875,133573,66.25286567460893,1007.938011280386,44.320102536229854
Wed Feb 25 16:36:19 2026,0,0,0,0,0,0,0,0,0,0,0,0,20.937421875,134538,66.27201577531294,1007.9375891126251,44.323632363223425
Wed Feb 25 16:36:20 2026,0,0,0,0,0,0,0,0,0,0,0,0,20.9305859375,134863,66.24348366319825,1007.9382683179413,44.31795339568193
Wed Feb 25 16:36:21 2026,0,0,0,0,0,0,0,0,0,0,0,0,20.9235546875,135737,66.22179607968606,1007.9437735234304,44.27192341787047
Wed Feb 25 16:36:22 2026,0,0,0,0,0,0,0,0,0,0,0,0,20.9159375,135958,66.21376086478222,1007.9483065282063,44.234022331642926
Wed Feb 25 16:36:23 2026,0,0,0,0,0,0,0,0,0,0,0,0,20.9059765625,136068,66.22597748038665,1007.9403682834848,44.30039519557724
Wed Feb 25 16:36:24 2026,0,0,0,0,0,0,0,0,0,0,0,0,20.8971875,136401,66.25211558408355,1007.9429568522679,44.278751734228436
Wed Feb 25 16:36:26 2026,0,0,0,0,0,0,0,0,0,0,0,0,20.888984375,136290,66.29209035781601,1007.936217105627,44.335103989617075
Wed Feb 25 16:36:27 2026,0,0,0,0,0,0,0,0,0,0,0,0,20.8786328125,137295,66.3317432198117,1007.9396464929523,44.30643021630721
Wed Feb 25 16:36:28 2026,0,0,0,0,0,0,0,0,0,0,0,0,20.8719921875,136512,66.392596493782,1007.9406477969277,44.29805813424669
Wed Feb 25 16:36:29 2026,0,0,0,0,0,0,0,0,0,0,0,0,20.8675,136623,66.48130721265014,1007.945212565523,44.25989137093753
Wed Feb 25 16:36:30 2026,0,0,0,0,0,0,0,0,0,0,0,0,20.8649609375,137295,66.55659222232592,1007.9478672182835,44.23769545724357
Wed Feb 25 16:36:31 2026,0,0,0,0,0,0,0,0,0,0,0,0,20.8602734375,137295,66.6384568796211,1007.943524988883,44.27400145393804
Wed Feb 25 16:36:32 2026,0,0,0,0,0,0,0,0,0,0,0,0,20.8571484375,138087,66.70682108762972,1007.9383414196805,44.31734217802869
Wed Feb 25 16:36:33 2026,0,0,0,0,0,0,0,0,0,0,0,0,20.8501171875,138774,66.71951180112958,1007.9369775893117,44.32874543104662
Wed Feb 25 16:36:34 2026,0,0,0,0,0,0,0,0,0,0,0,0,20.8411328125,138201,66.71124522602446,1007.9409563254452,44.29547847335367
Wed Feb 25 16:36:35 2026,0,0,0,0,0,0,0,0,0,0,0,0,20.83546875,138201,66.69660423769088,1007.9367104008816,44.33097944734468
Wed Feb 25 16:36:36 2026,0,0,0,0,0,0,0,0,0,0,0,0,20.831953125,139120,66.71672013531489,1007.9446106091817,44.2649244165682
Wed Feb 25 16:36:37 2026,0,0,0,0,0,0,0,0,0,0,0,0,20.8227734375,138889,66.72908111368898,1007.9448315005737,44.263077510821375
Wed Feb 25 16:36:38 2026,0,0,0,0,0,0,0,0,0,0,0,0,20.8190625,140050,66.74916976930827,1007.9472579794444,44.24278938206184
Wed Feb 25 16:36:39 2026,0,0,0,0,0,0,0,0,0,0,0,0,20.8094921875,140402,66.77524672919891,1007.9451138945215,44.260716373547496
Wed Feb 25 16:36:40 2026,0,0,0,0,0,0,0,0,0,0,0,0,20.80109375,140520,66.835950677771,1007.9449134389179,44.26239241223536
Wed Feb 25 16:36:41 2026,0,0,0,0,0,0,0,0,0,0,0,0,20.7926953125,140050,66.83465879073,1007.9515781874148,44.2066676176724
Wed Feb 25 16:36:42 2026,0,0,0,0,0,0,0,0,0,0,0,0,20.7755078125,141709,66.83201530461753,1007.9470948780269,44.244153094553404
Wed Feb 25 16:36:43 2026,0,0,0,0,0,0,0,0,0,0,0,0,20.7583203125,142311,66.79493085312812,1007.9443267807709,44.267297548560094
Wed Feb 25 16:36:44 2026,0,0,0,0,0,0,0,0,0,0,0,0,20.748359375,142070,66.76585123507378,1007.9398160678186,44.30501236997711
Wed Feb 25 16:36:45 2026,0,0,0,0,0,0,0,0,0,0,0,0,20.73546875,142190,66.76387089156671,1007.9390259504617,44.31161868670956
Wed Feb 25 16:36:46 2026,0,0,0,0,0,0,0,0,0,0,0,0,20.7262890625,143040,66.75557445897579,1007.9375267499388,44.32415378991089
Wed Feb 25 16:36:47 2026,0,0,0,0,0,0,0,0,0,0,0,0,20.71828125,143408,66.74745856151766,1007.9362551800649,44.33478564141185
Wed Feb 25 16:36:48 2026,0,0,0,0,0,0,0,0,0,0,0,0,20.7091015625,143654,66.77359406791194,1007.9347553574123,44.347325974275954
Wed Feb 25 16:36:49 2026,0,0,0,0,0,0,0,0,0,0,0,0,20.6981640625,143040,66.7650277568064,1007.9269066863022,44.412950611734324
Wed Feb 25 16:36:50 2026,0,1,1,0,1,1,63,19,7,3,1,0,20.691328125,144148,66.78463792680007,1007.924146268103,44.43603123429585
Wed Feb 25 16:36:51 2026,0,1,1,0,1,1,63,19,7,3,1,0,20.6833203125,144771,66.79029507111909,1007.9177254263766,44.48971787169281
Wed Feb 25 16:36:52 2026,0,1,1,0,1,1,63,19,7,3,1,0,20.6727734375,145022,66.77490183795553,1007.9225365842383,44.44949027138991
Wed Feb 25 16:36:53 2026,0,1,1,0,1,1,63,19,7,3,1,0,20.6606640625,144272,66.69730593458075,1007.9213227073765,44.45963986200182
Wed Feb 25 16:36:54 2026,0,1,1,0,1,1,63,19,7,3,1,0,20.6524609375,145147,66.67539717521494,1007.9180090832767,44.48734612304488
Wed Feb 25 16:36:55 2026,0,1,1,0,1,1,63,19,7,3,1,0,20.6378125,145399,66.68003417631235,1007.9245934075595,44.43229257374494
Wed Feb 25 16:36:56 2026,0,1,1,0,1,1,63,19,7,3,1,0,20.6239453125,145147,66.69167460311172,1007.9204611955912,44.46684322791848
Wed Feb 25 16:36:57 2026,0,1,1,0,1,1,63,19,7,3,1,0,20.6118359375,145022,66.70358514256634,1007.92267661854,44.44831940298776
Wed Feb 25 16:36:58 2026,0,1,1,0,1,1,63,19,7,3,1,0,20.6001171875,145779,66.71555616410303,1007.9255394348247,44.42438257434049
Wed Feb 25 16:36:59 2026,0,1,1,0,1,1,63,19,7,3,1,0,20.5880078125,145526,66.74123717779858,1007.9277534001865,44.40587101224772
Wed Feb 25 16:37:00 2026,0,1,1,0,1,1,63,19,7,3,1,0,20.5755078125,146033,66.78063267369279,1007.9258868780687,44.42147750540174
Wed Feb 25 16:37:01 2026,0,1,1,0,1,1,63,19,7,3,1,0,20.564375,146288,66.7858109350802,1007.9262882726795,44.418121335188246
Wed Feb 25 16:37:02 2026,0,1,1,0,1,1,63,19,7,3,1,0,20.54953125,147188,66.79730647246751,1007.9256787648317,44.42321759756867
Wed Feb 25 16:37:03 2026,0,1,1,0,1,1,63,19,7,3,1,0,20.5383984375,147447,66.8300331423488,1007.9226474530627,44.44856326419732
Wed Feb 25 16:37:04 2026,0,1,1,0,1,1,63,19,7,3,1,0,20.5266796875,148625,66.82823513615273,1007.9220747757508,44.45335159029305
Wed Feb 25 16:37:05 2026,0,1,1,0,1,1,63,19,7,3,1,0,20.51828125,147577,66.84760930435584,1007.920148502576,44.4694577519537
Wed Feb 25 16:37:06 2026,0,1,1,0,1,1,63,19,7,3,1,0,20.5091015625,147968,66.90131007456432,1007.9203568412295,44.46771576728166
Wed Feb 25 16:37:07 2026,0,1,1,0,1,1,63,19,7,3,1,0,20.5003125,149420,66.95508358337152,1007.9212129978162,44.46055717721318
Wed Feb 25 16:37:08 2026,0,1,1,0,1,1,63,19,7,3,1,0,20.492890625,148493,66.99529457408454,1007.9226219228866,44.448776729578576
Wed Feb 25 16:37:09 2026,0,1,1,0,1,1,63,19,7,3,1,0,20.491328125,148889,67.04330724290311,1007.9303225868528,44.3843893901983
Wed Feb 25 16:37:10 2026,0,1,1,0,1,1,63,19,7,3,1,0,20.4878125,148361,67.11861420471047,1007.9313509811687,44.37579073662873
Wed Feb 25 16:37:11 2026,0,1,1,0,1,1,63,19,7,3,1,0,20.4825390625,148757,67.15228763657538,1007.9397556796334,44.30551728656322
Wed Feb 25 16:37:12 2026,0,1,1,0,1,1,63,19,7,3,1,0,20.4755078125,149687,67.19259413528889,1007.943527537935,44.2739801409127
Wed Feb 25 16:37:13 2026,0,1,1,0,1,1,63,19,7,3,1,0,20.4665234375,149687,67.19810979272424,1007.9354803290682,44.341264331792054
Wed Feb 25 16:37:14 2026,0,1,1,0,1,1,63,19,7,3,1,0,20.4567578125,150224,67.17591115664396,1007.9312829869654,44.37635925238421
Wed Feb 25 16:37:15 2026,0,1,1,0,1,1,63,19,7,3,1,0,20.4516796875,150359,67.1613340290018,1007.9382952030397,44.31772860421408
Wed Feb 25 16:37:16 2026,0,1,1,0,1,1,63,19,7,3,1,0,20.4481640625,150494,67.15389566013404,1007.9307455386623,44.380852986977246
Wed Feb 25 16:37:17 2026,0,1,1,0,1,1,63,19,7,3,1,0,20.445234375,150359,67.21552964164668,1007.9293146395898,44.392817087903225
Wed Feb 25 16:37:18 2026,0,1,1,0,1,1,63,19,7,3,1,0,20.4415234375,151310,67.3046676441809,1007.9351644701659,44.34390529493994
Wed Feb 25 16:37:19 2026,0,1,1,0,1,1,63,19,7,3,1,0,20.4348828125,151173,67.37958090845896,1007.9310059576532,44.37867556088774
Wed Feb 25 16:37:20 2026,0,0,0,0,0,0,0,0,0,0,0,0,20.4258984375,150765,67.44034455143793,1007.9315348452925,44.37425340497794
Wed Feb 25 16:37:21 2026,0,0,0,0,0,0,0,0,0,0,0,0,20.4161328125,151447,67.48718769943645,1007.9359129731736,44.33764690392349
Wed Feb 25 16:37:22 2026,0,0,0,0,0,0,0,0,0,0,0,0,20.4087109375,152550,67.52749304343146,1007.9304573234267,44.38326282471615
Wed Feb 25 16:37:23 2026,0,0,0,0,0,0,0,0,0,0,0,0,20.40421875,151996,67.58207938993581,1007.9332943104918,44.359542109610736
Wed Feb 25 16:37:24 2026,0,0,0,0,0,0,0,0,0,0,0,0,20.4005078125,152550,67.6160631038274,1007.9374277324692,44.324981694499165
Wed Feb 25 16:37:25 2026,0,0,0,0,0,0,0,0,0,0,0,0,20.3973828125,152689,67.66396912191166,1007.9322414812239,44.36834505606211
Wed Feb 25 16:37:26 2026,0,0,0,0,0,0,0,0,0,0,0,0,20.392890625,152828,67.68401586593777,1007.9299322189449,44.3876533525326
Wed Feb 25 16:37:27 2026,0,0,0,0,0,0,0,0,0,0,0,0,20.3878125,152689,67.72471888532783,1007.9352270074912,44.343382407068184
Wed Feb 25 16:37:28 2026,0,0,0,0,0,0,0,0,0,0,0,0,20.385859375,153108,67.80049929442838,1007.937131466011,44.32745883717959
Wed Feb 25 16:37:29 2026,0,0,0,0,0,0,0,0,0,0,0,0,20.387421875,152550,67.89761292182428,1007.9311481054622,44.377487028909385
Wed Feb 25 16:37:30 2026,0,0,0,0,0,0,0,0,0,0,0,0,20.38625,153388,67.98049884222847,1007.9377797585472,44.32203833533272
Wed Feb 25 16:37:31 2026,0,0,0,0,0,0,0,0,0,0,0,0,20.382734375,153670,68.00764963307333,1007.9388063055195,44.31345517926607
Wed Feb 25 16:37:32 2026,0,0,0,0,0,0,0,0,0,0,0,0,20.3786328125,154094,68.02778752731703,1007.9337144887395,44.3560289051972
Wed Feb 25 16:37:33 2026,0,0,0,0,0,0,0,0,0,0,0,0,20.378828125,154236,67.99319506065214,1007.9391844875181,44.31029312884524
Wed Feb 25 16:37:34 2026,0,0,0,0,0,0,0,0,0,0,0,0,20.381171875,153811,68.00740717762962,1007.9447895735595,44.26342806879129
Wed Feb 25 16:37:35 2026,0,0,0,0,0,0,0,0,0,0,0,0,20.385859375,155236,68.08431784024452,1007.9457079786297,44.255749150806395
Wed Feb 25 16:37:36 2026,0,0,0,0,0,0,0,0,0,0,0,0,20.3872265625,154663,68.18153001201162,1007.9445464089159,44.26546120458724
Wed Feb 25 16:37:37 2026,0,0,0,0,0,0,0,0,0,0,0,0,20.3909375,154520,68.27915115690058,1007.9507052272488,44.2139665296644
Wed Feb 25 16:37:38 2026,0,0,0,0,0,0,0,0,0,0,0,0,20.3923046875,154520,68.34870818038475,1007.9478283079173,44.23802079177508
Wed Feb 25 16:37:39 2026,0,0,0,0,0,0,0,0,0,0,0,0,20.3940625,154236,68.43222477085975,1007.9455996601381,44.25665481713204
Wed Feb 25 16:37:40 2026,0,0,0,0,0,0,0,0,0,0,0,0,20.3966015625,155236,68.5020144556246,1007.9463828962348,44.2501060704483
Wed Feb 25 16:37:41 2026,0,0,0,0,0,0,0,0,0,0,0,0,20.40109375,156250,68.5721320097945,1007.9452615266412,44.259481999924745
Wed Feb 25 16:37:42 2026,0,0,0,0,0,0,0,0,0,0,0,0,20.4055859375,155525,68.63532799940826,1007.9441400519385,44.26885881668045
Wed Feb 25 16:37:44 2026,0,0,0,0,0,0,0,0,0,0,0,0,20.410078125,156104,68.66381128392598,1007.9378723727413,44.32126397000714
Wed Feb 25 16:37:45 2026,0,0,0,0,0,0,0,0,0,0,0,0,20.4137890625,155959,68.68522982184975,1007.9285926074798,44.39885418211114
Wed Feb 25 16:37:46 2026,0,0,0,0,0,0,0,0,0,0,0,0,20.418671875,156250,68.6651545424613,1007.936695948823,44.33110028393023
Wed Feb 25 16:37:47 2026,0,0,0,0,0,0,0,0,0,0,0,0,20.4247265625,156542,68.65220953237502,1007.9381670911471,44.318799772365
Wed Feb 25 16:37:48 2026,0,0,0,0,0,0,0,0,0,0,0,0,20.4305859375,156688,68.61840027784677,1007.9324522862091,44.36658246673822
Wed Feb 25 16:37:49 2026,0,0,0,0,0,0,0,0,0,0,0,0,20.4364453125,157129,68.57765269000372,1007.9387452763922,44.31396545530297
